{
  "slices": {
    "10:mlp": {
      "layer_index": 10,
      "component": "mlp",
      "mean": 6.8241948611103e-05,
      "std": 0.03801068291068077
    }
  }
}